{"cameraMode":{"drawMode":0,"name":"Shaded","section":"Shading Mode"},"sceneLighting":true,"audioPlay":false,"sceneViewState":{"m_AlwaysRefresh":false,"showFog":true,"showSkybox":true,"showFlares":true,"showImageEffects":true,"showParticleSystems":true,"showVisualEffectGraphs":true,"m_FxEnabled":true},"in2DMode":false,"pivot":{"x":-6.472323417663574,"y":0.8021574020385742,"z":2.439990997314453},"rotation":{"x":0.03599148988723755,"y":-0.007495564874261618,"z":0.00026602542493492365,"w":0.9993382692337036},"size":3.000002384185791,"orthographic":true}