{"cameraMode":{"drawMode":0,"name":"Shaded","section":"Shading Mode"},"sceneLighting":true,"audioPlay":false,"sceneViewState":{"m_AlwaysRefresh":false,"showFog":true,"showSkybox":true,"showFlares":true,"showImageEffects":true,"showParticleSystems":true,"showVisualEffectGraphs":true,"m_FxEnabled":true},"in2DMode":false,"pivot":{"x":-4.3600006103515629,"y":1.3999998569488526,"z":-7.164106845855713},"rotation":{"x":0.029995447024703027,"y":-0.0014992583310231567,"z":0.000046451510570477694,"w":0.9995540976524353},"size":3.844388246536255,"orthographic":true}