{"cameraMode":{"drawMode":0,"name":"Shaded","section":"Shading Mode"},"sceneLighting":true,"audioPlay":false,"sceneViewState":{"m_AlwaysRefresh":false,"showFog":true,"showSkybox":true,"showFlares":true,"showImageEffects":true,"showParticleSystems":true,"showVisualEffectGraphs":true,"m_FxEnabled":true},"in2DMode":false,"pivot":{"x":-22.565479278564454,"y":7.004244804382324,"z":1.6664791107177735},"rotation":{"x":0.026997225359082223,"y":0.003000261029228568,"z":-0.00008076726226136088,"w":0.9996621012687683},"size":12.102753639221192,"orthographic":true}