{"cameraMode":{"drawMode":0,"name":"Shaded","section":"Shading Mode"},"sceneLighting":true,"audioPlay":false,"sceneViewState":{"m_AlwaysRefresh":false,"showFog":true,"showSkybox":true,"showFlares":true,"showImageEffects":true,"showParticleSystems":true,"showVisualEffectGraphs":true,"m_FxEnabled":true},"in2DMode":false,"pivot":{"x":-35.184059143066409,"y":14.090143203735352,"z":-2.5105161666870119},"rotation":{"x":0.059908993542194369,"y":0.04340970888733864,"z":-0.0026010328438133,"w":0.9972786903381348},"size":17.671123504638673,"orthographic":true}