{"cameraMode":{"drawMode":0,"name":"Shaded","section":"Shading Mode"},"sceneLighting":true,"audioPlay":false,"sceneViewState":{"m_AlwaysRefresh":false,"showFog":true,"showSkybox":true,"showFlares":true,"showImageEffects":true,"showParticleSystems":true,"showVisualEffectGraphs":true,"m_FxEnabled":true},"in2DMode":false,"pivot":{"x":-43.681785583496097,"y":-7.432421684265137,"z":116.60980987548828},"rotation":{"x":0.050972454249858859,"y":-0.014684143476188183,"z":0.000749522412661463,"w":0.9985923767089844},"size":64.82054138183594,"orthographic":false}