{"cameraMode":{"drawMode":0,"name":"Shaded","section":"Shading Mode"},"sceneLighting":true,"audioPlay":false,"sceneViewState":{"m_AlwaysRefresh":false,"showFog":true,"showSkybox":true,"showFlares":true,"showImageEffects":true,"showParticleSystems":true,"showVisualEffectGraphs":true,"m_FxEnabled":true},"in2DMode":false,"pivot":{"x":0.174047589302063,"y":1.304849624633789,"z":0.3178771734237671},"rotation":{"x":0.1136641651391983,"y":-0.04022635519504547,"z":0.004624423570930958,"w":0.9927321076393127},"size":0.8886504173278809,"orthographic":false}