{"cameraMode":{"drawMode":0,"name":"Shaded","section":"Shading Mode"},"sceneLighting":true,"audioPlay":false,"sceneViewState":{"m_AlwaysRefresh":false,"showFog":true,"showSkybox":true,"showFlares":true,"showImageEffects":true,"showParticleSystems":true,"showVisualEffectGraphs":true,"m_FxEnabled":true},"in2DMode":false,"pivot":{"x":-24.862041473388673,"y":5.989487648010254,"z":1.5276384353637696},"rotation":{"x":0.026997225359082223,"y":0.003000261029228568,"z":-0.00008076726226136088,"w":0.9996621012687683},"size":10.513875007629395,"orthographic":true}