{"cameraMode":{"drawMode":0,"name":"Shaded","section":"Shading Mode"},"sceneLighting":false,"audioPlay":false,"sceneViewState":{"m_AlwaysRefresh":false,"showFog":true,"showSkybox":false,"showFlares":true,"showImageEffects":true,"showParticleSystems":true,"showVisualEffectGraphs":true,"m_FxEnabled":true},"in2DMode":false,"pivot":{"x":-8.77908992767334,"y":0.6233764886856079,"z":-4.1624579429626469},"rotation":{"x":0.04474303498864174,"y":-0.2707732021808624,"z":0.012600040063261986,"w":0.9615226984024048},"size":0.25347909331321719,"orthographic":true}