{"cameraMode":{"drawMode":0,"name":"Shaded","section":"Shading Mode"},"sceneLighting":false,"audioPlay":false,"sceneViewState":{"m_AlwaysRefresh":false,"showFog":true,"showSkybox":false,"showFlares":true,"showImageEffects":true,"showParticleSystems":true,"showVisualEffectGraphs":true,"m_FxEnabled":true},"in2DMode":false,"pivot":{"x":1.0500000715255738,"y":0.550000011920929,"z":1.0500000715255738},"rotation":{"x":-0.06146133318543434,"y":0.0002954459050670266,"z":-0.00001817675911297556,"w":-0.9981107711791992},"size":1.3244613409042359,"orthographic":false}