{"cameraMode":{"drawMode":0,"name":"Shaded","section":"Shading Mode"},"sceneLighting":false,"audioPlay":false,"sceneViewState":{"m_AlwaysRefresh":false,"showFog":true,"showSkybox":false,"showFlares":true,"showImageEffects":true,"showParticleSystems":true,"showVisualEffectGraphs":true,"m_FxEnabled":true},"in2DMode":false,"pivot":{"x":2.2699999809265138,"y":1.0999999046325684,"z":2.799999952316284},"rotation":{"x":0.011999106965959072,"y":-0.010499699041247368,"z":0.00012819055700674653,"w":0.9998863935470581},"size":3.5062124729156496,"orthographic":true}